tweet_id,text,expanded_urls
886267009285017600,@NonWhiteHat @MayhewMayhem omg hello tanner you are a scary good boy 12/10 would pet with extreme caution,
886054160059072513,RT @Athletics: 12/10 #BATP https://t.co/WxwJmvjfxo,"https://twitter.com/dog_rates/status/886053434075471873,https://twitter.com/dog_rates/status/886053434075471873"
885518971528720385,I have a new hero and his name is Howard. 14/10 https://t.co/gzLHboL7Sk,https://twitter.com/4bonds2carbon/status/885517367337512960
884247878851493888,OMG HE DIDN'T MEAN TO HE WAS JUST TRYING A LITTLE BARKOUR HE'S SUPER SORRY 13/10 WOULD FORGIVE IMMEDIATE https://t.co/uF3pQ8Wubj,https://twitter.com/kaijohnson_19/status/883965650754039809
881633300179243008,@roushfenway These are good dogs but 17/10 is an emotional impulse rating. More like 13/10s,
879674319642796034,@RealKentMurphy 14/10 confirmed,
879130579576475649,RT @dog_rates: This is Emmy. She was adopted today. Massive round of pupplause for Emmy and her new family. 14/10 for all involved https://‚Ä¶,"https://twitter.com/dog_rates/status/878057613040115712/photo/1,https://twitter.com/dog_rates/status/878057613040115712/photo/1"
878604707211726852,Martha is stunning how h*ckin dare you. 13/10 https://t.co/9uABQXgjwa,https://twitter.com/bbcworld/status/878599868507402241
878404777348136964,"RT @dog_rates: Meet Shadow. In an attempt to reach maximum zooming borkdrive, he tore his ACL. Still 13/10 tho. Help him out below

https:/‚Ä¶","https://www.gofundme.com/3yd6y1c,https://twitter.com/dog_rates/status/878281511006478336/photo/1"
878316110768087041,RT @dog_rates: Meet Terrance. He's being yelled at because he stapled the wrong stuff together. 11/10 hang in there Terrance https://t.co/i‚Ä¶,https://twitter.com/dog_rates/status/669000397445533696/photo/1
876537666061221889,I can say with the pupmost confidence that the doggos who assisted with this search are heroic as h*ck. 14/10 for all https://t.co/8yoc1CNTsu,https://twitter.com/mpstowerham/status/876162994446753793
875097192612077568,You'll get your package when that precious man is done appreciating the pups. 13/10 for everyone https://t.co/PFp4MghzBW,https://twitter.com/drboondoc/status/874413398133547008
874434818259525634,RT @dog_rates: This is Coco. At first I thought she was a cloud but clouds don't bork with such passion. 12/10 would hug softly https://t.c‚Ä¶,"https://twitter.com/dog_rates/status/866334964761202691/photo/1,https://twitter.com/dog_rates/status/866334964761202691/photo/1"
873337748698140672,"RT @dog_rates: This is Sierra. She's one precious pupper. Absolute 12/10. Been in and out of ICU her whole life. Help Sierra below

https:/‚Ä¶","https://www.gofundme.com/help-my-baby-sierra-get-better,https://twitter.com/dog_rates/status/873213775632977920/photo/1,https://twitter.com/dog_rates/status/873213775632977920/photo/1"
872668790621863937,"RT @loganamnosis: Penelope here is doing me quite a divertir. Well done, @dog_rates! Loving the pupdate. 14/10, je jouerais de nouveau. htt‚Ä¶",https://twitter.com/loganamnosis/status/872657584259551233/photo/1
871166179821445120,RT @dog_rates: This is Dawn. She's just checking pup on you. Making sure you're doing okay. 12/10 she's here if you need her https://t.co/X‚Ä¶,https://twitter.com/dog_rates/status/841077006473256960/photo/1
871102520638267392,Never doubt a doggo 14/10 https://t.co/AbBLh2FZCH,https://twitter.com/animalcog/status/871075758080503809
870726314365509632,@ComplicitOwl @ShopWeRateDogs &gt;10/10 is reserved for dogs,
869988702071779329,RT @dog_rates: We only rate dogs. This is quite clearly a smol broken polar bear. We'd appreciate if you only send dogs. Thank you... 12/10‚Ä¶,https://twitter.com/dog_rates/status/859196978902773760/video/1
868639477480148993,"RT @dog_rates: Say hello to Cooper. His expression is the same wet or dry. Absolute 12/10 but Coop desperately requests your help

https://‚Ä¶","https://www.gofundme.com/3ti3nps,https://twitter.com/dog_rates/status/868552278524837888/photo/1,https://twitter.com/dog_rates/status/868552278524837888/photo/1"
866816280283807744,"RT @dog_rates: This is Jamesy. He gives a kiss to every other pupper he sees on his walk. 13/10 such passion, much tender https://t.co/wk7T‚Ä¶","https://twitter.com/dog_rates/status/866450705531457537/photo/1,https://twitter.com/dog_rates/status/866450705531457537/photo/1"
866720684873056260,He was providing for his family 13/10 how dare you https://t.co/Q8mVwWN3f4,https://twitter.com/nbcnews/status/866458718883467265
866094527597207552,"RT @dog_rates: Here's a pupper before and after being asked ""who's a good girl?"" Unsure as h*ck. 12/10 hint hint it's you https://t.co/ORiK‚Ä¶","https://twitter.com/dog_rates/status/837820167694528512/photo/1,https://twitter.com/dog_rates/status/837820167694528512/photo/1"
863471782782697472,"RT @dog_rates: Say hello to Quinn. She's quite the goofball. Not even a year old. Confirmed 13/10 but she really needs your help 

https://‚Ä¶","https://www.gofundme.com/helpquinny,https://twitter.com/dog_rates/status/863062471531167744/photo/1,https://twitter.com/dog_rates/status/863062471531167744/photo/1,https://twitter.com/dog_rates/status/863062471531167744/photo/1,https://twitter.com/dog_rates/status/863062471531167744/photo/1"
863427515083354112,"@Jack_Septic_Eye I'd need a few more pics to polish a full analysis, but based on the good boy content above I'm leaning towards 12/10",
860981674716409858,"RT @dog_rates: Meet Lorenzo. He's an avid nifty hat wearer and absolute 13/10, but he needs your help to beat cancer. Link below

https://t‚Ä¶","https://www.gofundme.com/help-lorenzo-beat-cancer,https://twitter.com/dog_rates/status/860563773140209665/photo/1,https://twitter.com/dog_rates/status/860563773140209665/photo/1"
860177593139703809,RT @dog_rates: Ohboyohboyohboyohboyohboyohboyohboyohboyohboyohboyohboyohboyohboyohboyohboy. 10/10 for all (by happytailsresort) https://t.c‚Ä¶,https://twitter.com/dog_rates/status/761672994376806400/video/1
858860390427611136,"RT @dog_rates: Meet Winston. He knows he's a little too big for the swing, but he doesn't care. Kindly requests a push. 12/10 would happily‚Ä¶",https://twitter.com/dog_rates/status/839549326359670784/photo/1
857214891891077121,@Marc_IRL pixelated af 12/10,
857062103051644929,RT @AaronChewning: First time wearing my @dog_rates hat on a flight and I get DOUBLE OPEN ROWS. Really makes you think. 13/10 https://t.co/‚Ä¶,https://twitter.com/AaronChewning/status/857061112319234050/photo/1
856602993587888130,RT @dog_rates: This is Luna. It's her first time outside and a bee stung her nose. Completely h*ckin uncalled for. 13/10 where's the bee I‚Ä¶,https://twitter.com/dog_rates/status/844704788403113984/photo/1
856330835276025856,RT @Jenna_Marbles: @dog_rates Thanks for rating my cermets 14/10 wow I'm so proud I watered them so much,
856288084350160898,@xianmcguire @Jenna_Marbles Kardashians wouldn't be famous if as a society we didn't place enormous value on what they do. The dogs are very deserving of their 14/10,
855862651834028034,@dhmontgomery We also gave snoop dogg a 420/10 but I think that predated your research,
855860136149123072,"@s8n You tried very hard to portray this good boy as not so good, but you have ultimately failed. His goodness shines through. 666/10",
855857698524602368,"HE'S LIKE ""WAIT A MINUTE I'M AN ANIMAL THIS IS AMAZING HI HUMAN I LOVE YOU AS WELL"" 13/10 https://t.co/sb73bV5Y7S",https://twitter.com/perfy/status/855857318168150016
855818117272018944,I HEARD HE TIED HIS OWN BOWTIE MARK AND HE JUST WANTS TO SAY HI AND MAYBE A NOGGIN PAT SHOW SOME RESPECT 13/10 https://t.co/5BEjzT2Tth,https://twitter.com/markhalperin/status/855656431005061120
855245323840757760,RT @dog_rates: Meet George. He looks slightly deflated but overall quite powerful. Not sure how that human restrained him. 12/10 would snug‚Ä¶,"https://twitter.com/dog_rates/status/842163532590374912/photo/1,https://twitter.com/dog_rates/status/842163532590374912/photo/1"
855138241867124737,RT @frasercampbell_: oh my... what's that... beautiful scarf around your neck... 14/10 a h*ckin good dog in a h*ckin good game @GoodDogsGam‚Ä¶,https://twitter.com/frasercampbell_/status/855122533267460096/photo/1
852936405516943360,"RT @dog_rates: I usually only share these on Friday's, but this is Blue. He's a very smoochable pooch who needs your help. 13/10

https://t‚Ä¶","http://www.gofundme.com/bluethewhitehusky,https://twitter.com/dog_rates/status/831650051525054464/photo/1,https://twitter.com/dog_rates/status/831650051525054464/photo/1,https://twitter.com/dog_rates/status/831650051525054464/photo/1,https://twitter.com/dog_rates/status/831650051525054464/photo/1"
850333567704068097,@markhoppus MARK THAT DOG HAS SEEN AND EXPERIENCED MANY THINGS. PROBABLY LOST OTHER EAR DOING SOMETHING HEROIC. 13/10 HUG THE DOG HOPPUS,
849668094696017920,RT @dog_rates: This is Gidget. She's a spy pupper. Stealthy as h*ck. Must've slipped pup and got caught. 12/10 would forgive then pet https‚Ä¶,"https://twitter.com/dog_rates/status/833124694597443584/photo/1,https://twitter.com/dog_rates/status/833124694597443584/photo/1,https://twitter.com/dog_rates/status/833124694597443584/photo/1"
848213670039564288,Jerry just apuppologized to me. He said there was no ill-intent to the slippage. I overreacted I admit. Pupgraded to an 11/10 would pet,
847978865427394560,RT @dog_rates: This is Charlie. He fell asleep on a heating vent. Would puppreciate your assistance. 11/10 someone help Charlie https://t.c‚Ä¶,https://twitter.com/dog_rates/status/832369877331693569/photo/1
847617282490613760,.@breaannanicolee PUPDATE: Cannon has a heart on his nose. Pupgraded to a 13/10,
846505985330044928,THIS WAS NOT HIS FAULT HE HAD NO IDEA. 11/10 STILL A VERY GOOD DOG https://t.co/GJ8rozumsy,https://twitter.com/shomaristone/status/846484798663245829
846139713627017216,SHE DID AN ICY ZOOM AND KNEW WHEN TO PUT ON THE BRAKES 13/10 CANCEL THE GAME THIS IS ALL WE NEED https://t.co/4ctgpGcqAd,https://twitter.com/csncapitals/status/846088479142531073
845459076796616705,RT @dog_rates: Here's a heartwarming scene of a single father raising his two pups. Downright awe-inspiring af. 12/10 for everyone https://‚Ä¶,"https://twitter.com/dog_rates/status/756288534030475264/photo/1,https://twitter.com/dog_rates/status/756288534030475264/photo/1,https://twitter.com/dog_rates/status/756288534030475264/photo/1,https://twitter.com/dog_rates/status/756288534030475264/photo/1"
845098359547420673,RT @dog_rates: This is Bungalo. She uses that face to get what she wants. It works unbelievably well. 12/10 would never say no to https://t‚Ä¶,https://twitter.com/dog_rates/status/773308824254029826/photo/1
843981021012017153,HE WAS DOING A SNOOZE NO SHAME IN A SNOOZE 13/10 https://t.co/Gu5wHx3CBd,https://twitter.com/brianstack153/status/796796054100471809
841320156043304961,"We don't rate penguins, but if we did, this one would get 12/10 https://t.co/cEORXhwZ5K",https://twitter.com/abc/status/841311395547250688
840761248237133825,"RT @dog_rates: Say hello to Maddie and Gunner. They are considerably pupset about bath time. Both 12/10 but Gunner needs your help

https:/‚Ä¶","https://www.gofundme.com/3hgsuu0,https://twitter.com/dog_rates/status/840632337062862849/photo/1"
840728873075638272,RT @dog_rates: This is Pipsy. He is a fluffball. Enjoys traveling the sea &amp; getting tangled in leash. 12/10 I would kill for Pipsy https://‚Ä¶,https://twitter.com/dog_rates/status/667152164079423490/photo/1
840698636975636481,@0_kelvin_0 &gt;10/10 is reserved for puppos sorry Kevin,
838952994649550848,SHE MISPLACED HER HOOMAN 13/10 MISTAKES HAPPEN https://t.co/ngAxYLVYHP,https://twitter.com/ktla/status/838948714227998720
838831947270979586,RT @dog_rates: This is Riley. His owner put a donut pillow around him and he loves it so much he won't let anyone take it off. 13/10 https:‚Ä¶,"https://twitter.com/dog_rates/status/783839966405230592/photo/1,https://twitter.com/dog_rates/status/783839966405230592/photo/1,https://twitter.com/dog_rates/status/783839966405230592/photo/1"
838201503651401729,RT @dog_rates: Meet Sunny. He can take down a polar bear in one fell swoop. Fr*cken deadly af. 13/10 would pet with caution https://t.co/EM‚Ä¶,"https://twitter.com/dog_rates/status/820749716845686786/photo/1,https://twitter.com/dog_rates/status/820749716845686786/photo/1"
838150277551247360,@markhoppus 182/10,
838085839343206401,@bragg6of8 @Andy_Pace_ we are still looking for the first 15/10,
836648853927522308,"RT @SchafeBacon2016: @dog_rates Slightly disturbed by the outright profanity, but confident doggos were involved. 11/10, would tailgate aga‚Ä¶",https://twitter.com/SchafeBacon2016/status/836648149003485187/photo/1
836397794269200385,RT @dog_rates: This is Buddy. He ran into a glass door once. Now he's h*ckin skeptical. 13/10 empowering af (vid by Brittany Gaunt) https:/‚Ä¶,https://twitter.com/dog_rates/status/817827839487737858/video/1
835685285446955009,RT @dog_rates: This is Rory. He's got an interview in a few minutes. Looking spiffy af. Nervous as h*ck tho. 12/10 would hire https://t.co/‚Ä¶,https://twitter.com/dog_rates/status/786963064373534720/photo/1
835536468978302976,"RT @dog_rates: Meet Lola. Her hobbies include being precious af and using her foot as a toothbrush. 12/10 Lola requests your help

https://‚Ä¶","https://www.gofundme.com/lolas-life-saving-surgery-funds,https://twitter.com/dog_rates/status/835264098648616962/photo/1,https://twitter.com/dog_rates/status/835264098648616962/photo/1"
835309094223372289,RT @dog_rates: So this just changed my life. 13/10 please enjoy  https://t.co/dsv4xAtfv7,"https://vine.co/v/5W2Dg3XPX7a,https://vine.co/v/5W2Dg3XPX7a"
835246439529840640,"@jonnysun @Lin_Manuel ok jomny I know you're excited but 960/00 isn't a valid rating, 13/10 is tho",
834477809192075265,RT @dog_rates: This is Leo. He was a skater pup. She said see ya later pup. He wasn't good enough for her. 12/10 you're good enough for me‚Ä¶,"https://twitter.com/dog_rates/status/829501995190984704/photo/1,https://twitter.com/dog_rates/status/829501995190984704/photo/1"
834089966724603904,DOGGO ON THE LOOSE I REPEAT DOGGO ON THE LOOSE 10/10 https://t.co/ffIH2WxwF0,https://twitter.com/stevekopack/status/834086676934836224
833732339549220864,"RT @rolltidered: This is Gabby. Now requests to be referred to as a guide dog, thanks to @dog_rates and @ShopWeRateDogs. 12/10 in my book.‚Ä¶",https://twitter.com/rolltidered/status/832434358292209665/photo/1
832682457690300417,Prosperous good boy 13/10 socioeconomic af https://t.co/8YlD5lxPbQ,https://twitter.com/telegraph/status/832268302944579584
832645525019123713,"There's going to be a dog terminal at JFK Airport. This is not a drill. 10/10  
https://t.co/dp5h9bCwU7",http://us.blastingnews.com/news/2017/02/jfk-announces-its-first-ever-ark-oasis-animal-terminal-001480161.html?sbdht=_pM1QUzk3wsdTxcmMoRPV7FWYYlsNKcFRcYSY7OmeHnOXA4NtUM6PLQ2_
832215909146226688,"RT @dog_rates: This is Logan, the Chow who lived. He solemnly swears he's up to lots of good. H*ckin magical af 9.75/10 https://t.co/yBO5wu‚Ä¶",https://twitter.com/dog_rates/status/786709082849828864/photo/1
832088576586297345,@docmisterio account started on 11/15/15,
831926988323639298,@UNC can confirm 12/10,
830173239259324417,RT @dog_rates: This is Kyro. He's a Stratocumulus Flop. Tongue ejects at random. Serious h*ckin condition. Still 12/10 would pet passionate‚Ä¶,"https://twitter.com/dog_rates/status/809220051211603969/photo/1,https://twitter.com/dog_rates/status/809220051211603969/photo/1"
828801551087042563,"RT @dog_rates: This is Gus. He likes to be close to you, which is good because you want to be close to Gus. 12/10 would boop then pet https‚Ä¶",https://twitter.com/dog_rates/status/810254108431155201/photo/1
828361771580813312,Beebop and Doobert should start a band 12/10 would listen,
827228250799742977,RT @dog_rates: This is Phil. He's an important dog. Can control the seasons. Magical as hell. 12/10 would let him sign my forehead https://‚Ä¶,"https://twitter.com/dog_rates/status/694669722378485760/photo/1,https://twitter.com/dog_rates/status/694669722378485760/photo/1"
826615380357632002,"RT @dog_rates: Please only send in dogs. We only rate dogs, not seemingly heartbroken ewoks. Thank you... still 10/10 would console https:/‚Ä¶",https://twitter.com/dog_rates/status/809920764300447744/photo/1
826598799820865537,"I was going to do 007/10, but the joke wasn't worth the &lt;10 rating",
825120256414846976,"RT @dog_rates: Say hello to Pablo. He's one gorgeous puppo. A true 12/10. Click the link to see why Pablo requests your assistance

https:/‚Ä¶","https://www.gofundme.com/my-puppys-double-cataract-surgery,https://twitter.com/dog_rates/status/825026590719483904/photo/1,https://twitter.com/dog_rates/status/825026590719483904/photo/1"
824025158776213504,"""I wish we were dogs"" 14/10 for @BadlandsNPS https://t.co/50qq2DItPW",https://twitter.com/badlandsnps/status/823966201328046080
823719002937630720,RT @dog_rates: This is Balto. He's very content. Legendary tongue slippage. 12/10 would pet forever https://t.co/T7Jr4Gw4sC,"https://vine.co/v/5gKxeUpuKEr,https://vine.co/v/5gKxeUpuKEr"
823333489516937216,@HistoryInPics 13/10,
822163064745328640,RT @dog_rates: This is Mattie. She's extremely dangerous. Will bite your h*ckin finger right off. Still 11/10 would pet with caution https:‚Ä¶,https://twitter.com/dog_rates/status/786233965241827333/photo/1
821421320206483457,RT @dog_rates: This is Sampson. He just graduated. Ready to be a doggo now. Time for the real world. 12/10 have fun with taxes https://t.co‚Ä¶,"https://twitter.com/dog_rates/status/782305867769217024/photo/1,https://twitter.com/dog_rates/status/782305867769217024/photo/1,https://twitter.com/dog_rates/status/782305867769217024/photo/1"
821153421864615936,@imgur for a polar bear tho I'd say 13/10 is appropriate,
820837357901512704,RT @dog_rates: This is Finn. He's wondering if you come here often. Fr*ckin flirtatious af. 12/10 would give number to https://t.co/ii5eNX5‚Ä¶,https://twitter.com/dog_rates/status/819227688460238848/photo/1
820494788566847489,"RT @dog_rates: We are proud to support @LoveYourMelon on their mission to put a hat on every kid battling cancer. They are 14/10

https://t‚Ä¶","https://www.loveyourmelon.com/pages/ourstory,https://twitter.com/dog_rates/status/820314633777061888/photo/1,https://twitter.com/dog_rates/status/820314633777061888/photo/1,https://twitter.com/dog_rates/status/820314633777061888/photo/1"
820013781606658049,"RT @dog_rates: This is Oliver. He has dreams of being a service puppo so he can help his owner. 13/10 selfless af

make it happen:
https://‚Ä¶","https://www.gofundme.com/servicedogoliver,https://twitter.com/dog_rates/status/819952236453363712/photo/1"
819238181065359361,"Some happy pupper news to share. 10/10 for everyone involved 
https://t.co/MefMAZX2uv",http://us.blastingnews.com/news/2017/01/200-dogs-saved-from-south-korean-dog-meat-industry-001385441.html?sbdht=_pM1QUzk3wsfscF9XF2WEd9KoWDpsQlMUjfh1HxxUq0u5mMbiu2B0kw2_
818646164899774465,RT @dog_rates: This is Seamus. He's very bad at entering pools. Still a very good boy tho 11/10 https://t.co/hfi264QwYM,"https://vine.co/v/5QWd3LZqXxd,https://vine.co/v/5QWd3LZqXxd"
818307523543449600,RT @dog_rates: Meet Moose. He doesn't want his friend to go back to college. 13/10 looks like you're staying home John https://t.co/LIhmM7i‚Ä¶,"https://twitter.com/dog_rates/status/816450570814898180/photo/1,https://twitter.com/dog_rates/status/816450570814898180/photo/1"
817908911860748288,"Looks like he went cross-eyed trying way too hard to use the force. 12/10 
https://t.co/bbuKxk0fM8",https://twitter.com/micahgrimes/status/817902080979599361
817502432452313088,RT @dog_rates: Meet Herschel. He's slightly bigger than ur average pupper. Looks lonely. Could probably ride 7/10 would totally pet https:/‚Ä¶,https://twitter.com/dog_rates/status/692417313023332352/photo/1
816062466425819140,"RT @dog_rates: Meet Jack. He's one of the rare doggos that doesn't mind baths. 11/10 click the link to see how you can help Jack!

https://‚Ä¶","https://www.gofundme.com/surgeryforjacktheminpin,https://twitter.com/dog_rates/status/815990720817401858/photo/1"
815745968457060357,RT @dog_rates: Say hello to Levi. He's a Madagascan Butterbop. One of the more docile Butterbops I've seen. 12/10 would give all the pets h‚Ä¶,"https://twitter.com/dog_rates/status/791406955684368384/photo/1,https://twitter.com/dog_rates/status/791406955684368384/photo/1,https://twitter.com/dog_rates/status/791406955684368384/photo/1,https://twitter.com/dog_rates/status/791406955684368384/photo/1"
814578408554463233,RT @dog_rates: Meet Beau &amp; Wilbur. Wilbur stole Beau's bed from him. Wilbur now has so much room for activities. 9/10 for both pups https:/‚Ä¶,https://twitter.com/dog_rates/status/698195409219559425/photo/1
813130366689148928,I've been informed by multiple sources that this is actually a dog elf who's tired from helping Santa all night. Pupgraded to 12/10,
812747805718642688,"RT @dog_rates: Meet Sammy. At first I was like ""that's a snowflake. we only rate dogs,"" but he would've melted by now, so 10/10 https://t.c‚Ä¶",https://twitter.com/dog_rates/status/680055455951884288/photo/1
811647686436880384,PUPDATE: I've been informed that Augie was actually bringing his family these flowers when he tripped. Very good boy. Pupgraded to 11/10,
808344865868283904,This is Seamus. He's very bad at entering pools. Still a very good boy tho 11/10 https://t.co/hfi264QwYM,https://vine.co/v/5QWd3LZqXxd
806620845233815552,RT @dog_rates: Idk why this keeps happening. We only rate dogs. Not Bangladeshi Couch Chipmunks. Please only send dogs... 12/10 https://t.c‚Ä¶,https://twitter.com/dog_rates/status/781524693396357120/photo/1
806576416489959424,Hooman catch successful. Massive hit by dog. Fumble ensued. Possession to dog. 13/10 https://t.co/QrFkqgHR1G,https://twitter.com/deadspin/status/806570933175652352
805823200554876929,RT @dog_rates: This is Reginald. He's one magical puppo. Aerodynamic af. 12/10 would catch https://t.co/t0cEeRbcXJ,"https://vine.co/v/5ghHLBMMdlV,https://vine.co/v/5ghHLBMMdlV"
804475857670639616,"HE'S TRYING TO BE HIS OWN PERSON LET HIM GO 13/10
https://t.co/LEZ8jR5txd",https://twitter.com/bvuepd/status/804417859124273152
803321560782307329,RT @dog_rates: This is Philbert. His toilet broke and he doesn't know what to do. Trying not to panic. 11/10 furustrated af https://t.co/Nb‚Ä¶,https://twitter.com/dog_rates/status/767754930266464257/photo/1
802600418706604034,This is Bailey. She has mastered the head tilt. 11/10 rather h*ckin adorable https://t.co/urhl90ZE1O,https://vine.co/v/5FwUWjYaW0Y
802185808107208704,"RT @ChinoChinako: They're good products, Brent

Mug holds drinks; hoodie is comfy af. 13/10 

Puppy Aika h*cking agrees. @dog_rates https:/‚Ä¶","https://twitter.com/ChinoChinako/status/800065028116385792/photo/1,https://twitter.com/ChinoChinako/status/800065028116385792/photo/1,https://twitter.com/ChinoChinako/status/800065028116385792/photo/1"
801854953262350336,.@NBCSports OMG THE TINY HAT I'M GOING TO HAVE TO SAY 11/10 NBC,
801127390143516673,RT @dog_rates: This is Anakin. He strives to reach his full doggo potential. Born with blurry tail tho. 11/10 would still pet well https://‚Ä¶,https://twitter.com/dog_rates/status/775733305207554048/photo/1
800859414831898624,@SkyWilliams doggo simply protecting you from evil that which you cannot see. 11/10 would give extra pets,
800855607700029440,RT @Lin_Manuel: 11/10 would recommend. https://t.co/pnUF69K4xk,"https://twitter.com/littlewiewel/status/800852955880628224,https://twitter.com/littlewiewel/status/800852955880628224"
800188575492947969,RT @dog_rates: This is Bo. He's a Benedoop Cumbersnatch. Seems frustrated with own feet. Portable as hell. 11/10 very solid pupper https://‚Ä¶,https://twitter.com/dog_rates/status/681694085539872773/photo/1
799308762079035393,RT @dog_rates: I WAS SENT THE ACTUAL DOG IN THE PROFILE PIC BY HIS OWNER THIS IS SO WILD. 14/10 ULTIMATE LEGEND STATUS https://t.co/7oQ1wpf‚Ä¶,"https://twitter.com/dog_rates/status/774314403806253056/photo/1,https://twitter.com/dog_rates/status/774314403806253056/photo/1,https://twitter.com/dog_rates/status/774314403806253056/photo/1,https://twitter.com/dog_rates/status/774314403806253056/photo/1"
798705661114773508,"RT @dog_rates: Meet Baloo. He's expecting a fast ground ball, hence the wide stance. Prepared af. 11/10 nothing runs like a pupper https://‚Ä¶",https://twitter.com/dog_rates/status/740676976021798912/photo/1
798701998996647937,RT @dog_rates: We normally don't rate marshmallows but this one appears to be flawlessly toasted so I'll make an exception. 10/10 https://t‚Ä¶,https://twitter.com/dog_rates/status/718631497683582976/photo/1
798686750113755136,"RT @dog_rates: Say hello to Jack (pronounced ""Kevin""). He's a Virgo Episcopalian. Can summon rainbows. 11/10 magical as hell https://t.co/Y‚Ä¶",https://twitter.com/dog_rates/status/683391852557561860/photo/1
798682547630837760,RT @dog_rates: Here we see a rare pouched pupper. Ample storage space. Looks alert. Jumps at random. Kicked open that door. 8/10 https://t.‚Ä¶,https://twitter.com/dog_rates/status/676936541936185344/photo/1
798585098161549313,RT @dog_rates: This is Timison. He just told an awful joke but is still hanging on to the hope that you'll laugh with him. 10/10 https://t.‚Ä¶,https://twitter.com/dog_rates/status/667182792070062081/photo/1
798576900688019456,RT @dog_rates: Not familiar with this breed. No tail (weird). Only 2 legs. Doesn't bark. Surprisingly quick. Shits eggs. 1/10 https://t.co/‚Ä¶,https://twitter.com/dog_rates/status/666104133288665088/photo/1
797165961484890113,@JODYHiGHROLLER it may be an 11/10 but what do I know üòâ,
796904159865868288,RT @dog_rates: This is Tyrone. He's a leaf wizard. Self-motivated. No eyes (tragic). Inspirational af. 11/10 enthusiasm is tangible https:/‚Ä¶,"https://twitter.com/dog_rates/status/687317306314240000/photo/1,https://twitter.com/dog_rates/status/687317306314240000/photo/1"
796563435802726400,RT @dog_rates: I want to finally rate this iconic puppo who thinks the parade is all for him. 13/10 would absolutely attend https://t.co/5d‚Ä¶,https://twitter.com/dog_rates/status/780931614150983680/photo/1
796125600683540480,"#ImWithThor 13/10
https://t.co/a18mzkhTf6",https://twitter.com/king5seattle/status/796123679771897856
791821351946420224,RT @dog_rates: This little fella really hates stairs. Prefers bush. 13/10 legendary pupper https://t.co/e3LPMAHj7p,"https://vine.co/v/eEZXZI1rqxX,https://vine.co/v/eEZXZI1rqxX"
791784077045166082,RT @dog_rates: I'm not sure what this dog is doing but it's pretty inspirational. 12/10 https://t.co/4Kn9GEHXiE,"https://vine.co/v/iqMjlxULzbn,https://vine.co/v/iqMjlxULzbn"
791780927877898241,RT @dog_rates: This is Maddie. She gets some wicked air time. Hardcore barkour. 11/10 nimble af https://t.co/bROYbceZ1u,"https://vine.co/v/5BYq6hmrEI3,https://vine.co/v/5BYq6hmrEI3"
791774931465953280,Vine will be deeply missed. This was by far my favorite one. 14/10 https://t.co/roqIxCvEB3,https://vine.co/v/ea0OwvPTx9l
790227638568808452,RT @dog_rates: This is Leela. She's a Fetty Woof. Lost eye while saving a baby from an avalanche. 11/10 true h*ckin hero https://t.co/2lBg3‚Ä¶,https://twitter.com/dog_rates/status/762699858130116608/photo/1
789960241177853952,RT @dog_rates: This is Buddy. His father was a bear and his mother was a perfectly toasted marshmallow. 12/10 would snug so well https://t.‚Ä¶,"https://twitter.com/dog_rates/status/762464539388485633/photo/1,https://twitter.com/dog_rates/status/762464539388485633/photo/1,https://twitter.com/dog_rates/status/762464539388485633/photo/1,https://twitter.com/dog_rates/status/762464539388485633/photo/1"
789903600034189313,This is Ralphy. His dreams were just shattered. Poor pupper. 13/10 it'll be ok Ralphy https://t.co/P0kSN6rT6H,https://vine.co/v/5wPT1aBxPQZ
789314372632018944,"HE WAS JUST A LIL SLEEPY FROM BEING SUCH A GOOD DOGGI ALL THE TIME MISTAKES HAPPEN 13/10
https://t.co/G2ms0A5jWM",https://twitter.com/sebscat/status/788818328538099712
789280767834746880,RT @dog_rates: This is Meyer. He has to hold somebody's hand during car rides. He's also wearing a seatbelt. 12/10 responsible af https://t‚Ä¶,https://twitter.com/dog_rates/status/750719632563142656/photo/1
788552643979468800,RT @dog_rates: Say hello to mad pupper. You know what you did. 13/10 would pet until no longer furustrated https://t.co/u1ulQ5heLX,"https://vine.co/v/iEggaEOiLO3,https://vine.co/v/iEggaEOiLO3"
787111942498508800,RT @dog_rates: This is Carl. He's very powerful. 12/10 don't mess with Carl https://t.co/v5m2bIukXc,"https://vine.co/v/OEppMFbejFz,https://vine.co/v/OEppMFbejFz"
786729988674449408,RT @dog_rates: This is Oakley. He has no idea what happened here. Even offered to help clean it up. 11/10 such a heckin good boy https://t.‚Ä¶,https://twitter.com/dog_rates/status/759447681597108224/photo/1
786286427768250368,This is Arnie. He's afraid of his own bark. 12/10 would comfort https://t.co/ObT2tSxXit,https://vine.co/v/5XH0WqHwiFp
786051337297522688,13/10 for breakdancing puppo @shibbnbot,
785515384317313025,"Today, 10/10, should be National Dog Rates Day",
784183165795655680,This is Reginald. He's one magical puppo. Aerodynamic af. 12/10 would catch https://t.co/t0cEeRbcXJ,https://vine.co/v/5ghHLBMMdlV
784057939640352768,This is Balto. He's very content. Legendary tongue slippage. 12/10 would pet forever https://t.co/T7Jr4Gw4sC,https://vine.co/v/5gKxeUpuKEr
781655249211752448,This is Combo. The daily struggles of being a doggo have finally caught up with him. 11/10 https://t.co/LOKrNo0OM7,https://vine.co/v/5rt6T3qm7hL
781308096455073793,"Pupper butt 1, Doggo 0. Both 12/10 https://t.co/WQvcPEpH2u",https://vine.co/v/5rgu2Law2ut
780092040432480260,RT @dog_rates: This is Hank. He's mischievous af. Doesn't even know what he was trying to do here. 8/10 quit the shit Hank damn https://t.c‚Ä¶,https://twitter.com/dog_rates/status/753375668877008896/photo/1
780074436359819264,Here's a doggo questioning his entire existence. 10/10 someone tell him he's a good boy  https://t.co/dVm5Hgdpeb,https://vine.co/v/5nzYBpl0TY2
779124354206535695,RT @dog_rates: Meet Hurley. He's the curly one. He hugs every other dog he sees during his walk. 11/10 for spreading the love https://t.co/‚Ä¶,https://twitter.com/dog_rates/status/679462823135686656/photo/1
778774459159379968,RT @dog_rates: In case you haven't seen the most dramatic sneeze ever... 13/10 https://t.co/iy7ylyZcsE,"https://vine.co/v/hQJbaj1VpIz,https://vine.co/v/hQJbaj1VpIz"
778764940568104960,"Oh my god it's Narcos but Barkos. 13/10 someone please make this happen
https://t.co/tird9cIlzB",https://m.youtube.com/watch?v=idKxCMsS3FQ&feature=youtu.be
777953400541634568,RT @dog_rates: Meet Gerald. He's a fairly exotic doggo. Floofy af. Inadequate knees tho. Self conscious about large forehead. 8/10 https://‚Ä¶,https://twitter.com/dog_rates/status/768193404517830656/photo/1
776249906839351296,RT @dog_rates: We only rate dogs. Pls stop sending in non-canines like this Mongolian grass snake. This is very frustrating. 11/10 https://‚Ä¶,https://twitter.com/dog_rates/status/700747788515020802/photo/1
775350846108426240,This is Maximus. A little rain won't stop him. He will persevere. 12/10 innovative af  https://t.co/2OmDMAkkou,https://vine.co/v/ijmv0PD0XXD
775096608509886464,"RT @dog_rates: After so many requests, this is Bretagne. She was the last surviving 9/11 search dog, and our second ever 14/10. RIP https:/‚Ä¶","https://twitter.com/dog_rates/status/740373189193256964/photo/1,https://twitter.com/dog_rates/status/740373189193256964/photo/1,https://twitter.com/dog_rates/status/740373189193256964/photo/1,https://twitter.com/dog_rates/status/740373189193256964/photo/1"
773336787167145985,RT @dog_rates: Meet Fizz. She thinks love is a social construct consisting solely of ideals perpetuated by mass media 11/10 woke af https:/‚Ä¶,"https://twitter.com/dog_rates/status/771380798096281600/photo/1,https://twitter.com/dog_rates/status/771380798096281600/photo/1,https://twitter.com/dog_rates/status/771380798096281600/photo/1,https://twitter.com/dog_rates/status/771380798096281600/photo/1"
771908950375665664,"Doggo will persevere. 13/10
https://t.co/yOVzAomJ6k",https://twitter.com/yahoonews/status/771905568600719360
770743923962707968,RT @dog_rates: Here's a doggo blowing bubbles. It's downright legendary. 13/10 would watch on repeat forever (vid by Kent Duryee) https://t‚Ä¶,https://twitter.com/dog_rates/status/739238157791694849/video/1
769335591808995329,RT @dog_rates: Ever seen a dog pet another dog? Both 13/10 truly an awe-inspiring scene. (Vid by @mdougherty20) https://t.co/3PoKf6cw7f,"https://vine.co/v/iXQAm5Lrgrh,https://vine.co/v/iXQAm5Lrgrh"
768909767477751808,RT @dog_rates: When it's Janet from accounting's birthday but you can't eat the cake cuz it's chocolate. 10/10 hang in there pupper https:/‚Ä¶,https://twitter.com/dog_rates/status/700143752053182464/photo/1
768554158521745409,RT @dog_rates: This is Nollie. She's waving at you. If you don't wave back you're a monster. She's also portable as hell. 12/10 https://t.c‚Ä¶,https://twitter.com/dog_rates/status/739979191639244800/photo/1
766864461642756096,RT @dog_rates: We only rate dogs... this is a Taiwanese Guide Walrus. Im getting real heckin tired of this. Please send dogs. 10/10 https:/‚Ä¶,https://twitter.com/dog_rates/status/759923798737051648/photo/1
766714921925144576,His name is Charley and he already has a new set of wheels thanks to donations. I heard his top speed was also increased. 13/10 for Charley,
763956972077010945,@TheEllenShow I'm not sure if you know this but that doggo right there is a 12/10,
763167063695355904,RT @dog_rates: Meet Eve. She's a raging alcoholic 8/10 (would b 11/10 but pupper alcoholism is a tragic issue that I can't condone) https:/‚Ä¶,https://twitter.com/dog_rates/status/673295268553605120/photo/1
760521673607086080,"Doggo want what doggo cannot have. Temptation strong, dog stronger. 12/10  https://t.co/IqyTF6qik6",https://vine.co/v/5ApKetxzmTB
760153949710192640,"RT @hownottodraw: The story/person behind @dog_rates is heckin adorable af. 11/10, probably would pet. https://t.co/AG5UnRrmzJ","https://weratedogs.com/pages/about-us,https://weratedogs.com/pages/about-us"
759943073749200896,Here's a wicked fast pupper. 12/10 camera could barely keep pup https://t.co/HtAR6gpUAu,https://vine.co/v/5AJm5pq7Kav
759446261539934208,"No no no this is all wrong. The Walmart had to have run into the dog driving the car. 10/10 someone tell him it's ok
https://t.co/fRaTGcj68A",https://twitter.com/wsaznews/status/759167558763196416
758099635764359168,In case you haven't seen the most dramatic sneeze ever... 13/10 https://t.co/iy7ylyZcsE,https://vine.co/v/hQJbaj1VpIz
753298634498793472,RT @dog_rates: This is Carly. She's actually 2 dogs fused together. Very innovative. Probably has superpowers. 12/10 for double dog https:/‚Ä¶,https://twitter.com/dog_rates/status/681523177663676416/photo/1
753039830821511168,So this just changed my life. 13/10 please enjoy  https://t.co/dsv4xAtfv7,https://vine.co/v/5W2Dg3XPX7a
752932432744185856,This is Carl. He's very powerful. 12/10 don't mess with Carl https://t.co/v5m2bIukXc,https://vine.co/v/OEppMFbejFz
752701944171524096,RT @dog_rates: HEY PUP WHAT'S THE PART OF THE HUMAN BODY THAT CONNECTS THE FOOT AND THE LEG? 11/10 so smart https://t.co/XQ1tRUmO3z,"https://vine.co/v/ibvnzrauFuV,https://vine.co/v/ibvnzrauFuV"
752568224206688256,Here are three doggos completely misjudging an airborne stick. Decent efforts tho. All 9/10 https://t.co/HCXQL4fGVZ,https://vine.co/v/5W0bdhEUUVT
751950017322246144,This is Lola. She's a surfing pupper. 13/10 magical af https://t.co/BlGQkhM5EV,https://vine.co/v/5WrjaYAMvMO
751793661361422336,This is Fred. He's having one heck of a summer. 11/10 https://t.co/I7SFchkNk4,https://vine.co/v/5W5YHdTJvaV
750381685133418496,"13/10 such a good doggo
@spaghemily",
749075273010798592,This is Boomer. He's self-baptizing. Other doggo not ready to renounce sins. 11/10 spiritually awakened af https://t.co/cRTJiQQk9o,https://vine.co/v/5ztZvHgI17r
748337862848962560,SWIM AWAY PUPPER SWIM AWAY 13/10 #BarkWeek  https://t.co/QGGhZoTcwy,https://vine.co/v/h5aDaFthX6O
748220828303695873,Stop what you're doing and watch this heckin masterpiece right here. Both 13/10 https://t.co/3BOVI2WZoH,https://vine.co/v/iiLjKuYJpr6
747651430853525504,Other pupper asked not to have his identity shared. Probably just embarrassed about the headbutt. Also 12/10 it'll be ok mystery pup,
747648653817413632,This is Keurig. He apparently headbutts other dogs to greet them. Not cool Keurig. So fluffy tho 12/10  https://t.co/zexdr61Q5M,https://vine.co/v/iqIZFtOxEMB
747439450712596480,This is Linus. He just wanted to say hello but no one's paying attention. 12/10 (vid by @rebeccacollinzz) https://t.co/VCijm2eVpR,https://vine.co/v/5uTVXWvn3Ip
747242308580548608,RT @dog_rates: This pupper killed this great white in an epic sea battle. Now wears it as a trophy. Such brave. Much fierce. 13/10 https://‚Ä¶,"https://twitter.com/dog_rates/status/704761120771465216/photo/1,https://twitter.com/dog_rates/status/704761120771465216/photo/1"
746757706116112384,This is Maddie. She gets some wicked air time. Hardcore barkour. 11/10 nimble af https://t.co/bROYbceZ1u,https://vine.co/v/5BYq6hmrEI3
746542875601690625,Here's a golden floofer helping with the groceries. Bed got in way. Still 11/10 helpful af (vid by @categoen) https://t.co/6ZRoZUWFmd,https://vine.co/v/5uZYwqmuDeT
746521445350707200,RT @dog_rates: This is Shaggy. He knows exactly how to solve the puzzle but can't talk. All he wants to do is help. 10/10 great guy https:/‚Ä¶,https://twitter.com/dog_rates/status/667866724293877760/photo/1
745074613265149952,This is Jeffrey. He wasn't prepared to execute such advanced barkour. Still 11/10 would totally pet https://t.co/MuuwkkLrHh,https://vine.co/v/iQm3JAXuFmv
744223424764059648,"This is actually a pupper and I'd pet it so well. 12/10
https://t.co/RNqS7C4Y4N",https://twitter.com/strange_animals/status/672108316018024452
743835915802583040,RT @dog_rates: Extremely intelligent dog here. Has learned to walk like human. Even has his own dog. Very impressive 10/10 https://t.co/0Dv‚Ä¶,https://twitter.com/dog_rates/status/667138269671505920/photo/1
742534281772302336,"For anyone who's wondering, this is what happens after a doggo catches it's tail... 11/10 https://t.co/G4fNhzelDv",https://vine.co/v/iLTZmtE1FTB
741099773336379392,This is Ted. He's given up. 11/10 relatable af https://t.co/7muyOQXbGJ,https://vine.co/v/ixHYvdxUx1L
739623569819336705,Here's a doggo that don't need no human. 12/10 independent af (vid by @MichelleLiuCee) https://t.co/vdgtdb6rON,https://vine.co/v/iY9Fr1I31U6
738891149612572673,@mount_alex3 13/10,
736392552031657984,Say hello to mad pupper. You know what you did. 13/10 would pet until no longer furustrated https://t.co/u1ulQ5heLX,https://vine.co/v/iEggaEOiLO3
734559631394082816,When your friend is turnt af and you're just trying to chill. 10/10 (vid by @presgang) https://t.co/OufVDk23JC,https://vine.co/v/iExiLXiiHvX
727155742655025152,When you're trying to enjoy yourself but end up having to take care of your way too drunk friend. 11/10 https://t.co/BRkhj6tdN0,https://vine.co/v/ixa1ejbXiM7
725458796924002305,"Pup had to be removed cuz it wouldn't have been fair to the opposing team. 13/10 absolute legend ‚öΩÔ∏è
https://t.co/BHICimO58W",https://twitter.com/foxdeportes/status/725136065078521856
717428917016076293,This is Skittle. He's trying to communicate. 11/10 solid effort https://t.co/6WTfJvtKx6,https://vine.co/v/iIhEU2lVqxz
716730379797970944,"There has clearly been a mistake. Pup did nothing wrong. 12/10 would help escape
https://t.co/Juid3nnLbC",https://twitter.com/chpsanfrancisco/status/716637124322177024
716447146686459905,This is Ozzy. He's acrobatic af. Legendary pupper status achieved. 13/10 https://t.co/gHWsCTu90E,https://vine.co/v/eMmXVPn5eQK
715758151270801409,This is old now but it's absolutely heckin fantastic and I can't not share it with you all. 13/10  https://t.co/wJX74TSgzP,https://vine.co/v/hYdLVKDpAFu
715704790270025728,This is Bentley. He gives kisses back. 11/10 precious af (vid by @emmaallen25) https://t.co/9PnKkKzoUp,https://vine.co/v/ijAlDnuOD0l
714962719905021952,Just in case anyone's having a bad day. 12/10 would bounce with https://t.co/T9sgP9ttnQ,https://vine.co/v/inVtemLt9tE
714485234495041536,This is Blitz. He screams. 10/10 (vid by @yeaahliv) https://t.co/MfW2aym5UF,https://vine.co/v/iDrOvVqq0A6
713909862279876608,This is Doug. His nose is legendary af. 12/10 (vid by @probably_trey) https://t.co/7IWKfbfihS,https://vine.co/v/iDWlapaXWmm
712309440758808576,"Reminder that we made our first set of stickers available! All are 12/10 would stick
Use code ""pupper"" at checkoutüê∂

https://t.co/kJIMNyMNKV",https://twitter.com/stickergrub/status/709919141004595201
710609963652087808,I've watched this a million times and you probably will too. 12/10 (vid by @emily_galasso) https://t.co/DU7Rb3NDiy,https://vine.co/v/idaTpwH5TgU
710296729921429505,This is Oshie. 12/10 please enjoy (vid by @catherinec1389) https://t.co/VmtzwAuotq,https://vine.co/v/iw9hUFAMerV
709179584944730112,This is Sammy. He's in a tree. Very excited about it. 13/10 https://t.co/CLe9ETEjeF,https://vine.co/v/iwAjdlEjwMl
708853462201716736,This is Lucy. She doesn't understand fetch. 8/10 try turning off and back on (vid by @rileyyoungblood) https://t.co/RXjEwpVJf0,https://vine.co/v/iHl2UDEBZ95
708400866336894977,RT if you are as ready for summer as this pup is 12/10 https://t.co/xdNNEZdGJY,https://vine.co/v/iHFqnjKVbIQ
707983188426153984,@serial @MrRoles OH MY GOD I listened to all of season 1 during a single road trip. I love you guys! I can confirm Bernie's 12/10 rating :),
707738799544082433,He's doing his best. 12/10 very impressive that he got his license in the first place  https://t.co/2vRmkkOLcN,https://vine.co/v/hUvHKYrdb1d
707629649552134146,We usually don't rate marshmallows but this one's having so much fun in the snow. 10/10 (vid by @kylejk24) https://t.co/NL2KwOioBh,https://vine.co/v/iHhBOTl5p9z
706904523814649856,Ever seen a dog pet another dog? Both 13/10 truly an awe-inspiring scene. (Vid by @mdougherty20) https://t.co/3PoKf6cw7f,https://vine.co/v/iXQAm5Lrgrh
706169069255446529,"He was doing his best. 12/10 I'll be his lawyer
https://t.co/WN4C6miCzR",https://twitter.com/wgnnews/status/706165920809492480
706153300320784384,This is Layla. She's giving you a standing ovation.13/10 just magnificent (vid by @CSBrzezinski) https://t.co/KxYXHUHUi2,https://vine.co/v/iXidJXBJ3P9
704491224099647488,"13/10 hero af
@ABC",
704134088924532736,This sneezy pupper is just adorable af. 12/10 (vid by @gwilks1) https://t.co/h5aI0Tim4j,https://vine.co/v/igW2OEwu9vg
702899151802126337,Say hello to Luna. Her tongue is malfunctioning (tragic). 12/10 please enjoy (vid by @LilyArtz) https://t.co/F9aLnADVIw,https://vine.co/v/i6iIrBwnTFI
702332542343577600,This is Rudy. He's going to be a star. 13/10 talented af (vid by @madalynrossi) https://t.co/Dph4FDGoMd,https://vine.co/v/irlDujgwOjd
701805642395348998,Please pray for this pupper. Nothing wrong with her she just can't stop getting hit with banana peels. 11/10 https://t.co/8sdVenUAqr,https://vine.co/v/ivV6Y37mH5Z
699060279947165696,This is Yukon. He pukes rainbows. 12/10 magical af https://t.co/n6wND1v7il,https://vine.co/v/inlmMHxtqDD
697630435728322560,Pls make sure ur dogs have gone through some barkour training b4 they attempt stunts like this. 8/10 https://t.co/VmF35YvtqP,https://vine.co/v/in7ZzHPKzWz
697516214579523584,Say hello to Pherb. He does parkour. 9/10 https://t.co/LHFfUyLBZT,https://vine.co/v/i1LriMBmX6W
696744641916489729,This is Klevin. He doesn't want his family brainwashed by mainstream media. 10/10 (vid by @AshtonHose) https://t.co/ghhbMAFPW8,https://vine.co/v/i1wrljBUjAu
696518437233913856,Oh my god 10/10 for every little hot dog pupper,
696490539101908992,After reading the comments I may have overestimated this pup. Downgraded to a 1/10. Please forgive me,
696100768806522880,This poor pupper has been stuck in a vortex since last week. Please keep her in your thoughts. 10/10 https://t.co/7ODQWHwYDx,https://vine.co/v/i1KWj0vbvA9
694925794720792577,Please only send in dogs. This t-rex is very scary. 5/10 ...might still pet (vid by @helizabethmicha) https://t.co/Vn6w5w8TO2,https://vine.co/v/iJvUqWQ166L
694342028726001664,It's okay pup. This happens every time I listen to @adele also. 11/10 (vid by @_larirutschmann) https://t.co/oCImpQuoRb,https://vine.co/v/iJWKejYdLlh
693993230313091072,These lil fellas are the best of friends. 12/10 for both. 1 like = 1 friend (vid by @CassieBrookee15) https://t.co/gzRghPC61H,https://vine.co/v/i5ETazP5hrm
693644216740769793,BREAKING PUPDATE: I've just been notified that (if in U.S.) this dog appears to be operating the vehicle. Upgraded to 10/10. Skilled af,
693582294167244802,"Personally I'd give him an 11/10. Not sure why you think you're qualified to rate such a stellar pup.
@CommonWhiteGirI",
693267061318012928,This is Oscar. He can wave. Friendly af. 12/10 would totally wave back (IG: Oscar.is.bear) https://t.co/waN6EW0wfM,https://vine.co/v/i5n2irFUYWv
692423280028966913,PUPDATE: just noticed this dog has some extra legs. Very advanced. Revolutionary af. Upgraded to a 9/10,
692041934689402880,This is Teddy. His head is too heavy. 13/10 (vid by @jooanrim) https://t.co/sRUpRpGZ3y,https://vine.co/v/iiI3wmqXYmA
691793053716221953,We usually don't rate penguins but this one is in need of a confidence boost after that slide. 10/10 https://t.co/qnMJHBxPuo,https://vine.co/v/OTTVAKw6YlW
690989312272396288,We've got a doggy down. Requesting backup. 12/10 for both. Please enjoy  https://t.co/pmarb2dG0e,https://vine.co/v/iOZKZEU2nHq
690607260360429569,12/10 @LightningHoltt,
690348396616552449,This is Oddie. He's trying to communicate. 12/10 very solid effort (vid by @kaleseyy) https://t.co/JjxriLqZOL,https://vine.co/v/iejBWerY9X2
689993469801164801,Here we are witnessing a rare High Stepping Alaskan Floofer. 12/10 dangerously petable (vid by @TheMrsNux) https://t.co/K4s9IJh2jm,https://vine.co/v/ienexVMZgi5
689255633275777024,This is Ferg. He swallowed a chainsaw. 1 like = 1 prayer 10/10 remain calm Ferg (vid by @calebturer) https://t.co/gOH51Y8Yh1,https://vine.co/v/iOL792n5hz2
687841446767013888,13/10 I can't stop watching this (vid by @k8lynwright) https://t.co/nZhhMRr5Hp,https://vine.co/v/iOWwUPH1hrw
687732144991551489,This is Ember. That's the q-tip she owes money to. 11/10 pay up pup. (vid by @leanda_h) https://t.co/kGRcRjRJRl,https://vine.co/v/iOuMphL5DBY
687399393394311168,This is Barry. He's very fast. I hope he finds what he's looking for. 10/10 (vid by @KeeganWolfe33) https://t.co/nTAsyvbIiO,https://vine.co/v/iM2hLu9LU5i
686760001961103360,This pupper forgot how to walk. 12/10 happens to all of us (vid by @bbuckley96) https://t.co/KFTrkSOuu3,https://vine.co/v/iMvubwT260D
686394059078897668,This pup's having a nightmare that he forgot to type a paper due first thing in the morning. 12/10 (vid by ... https://t.co/CufnbUT0pB,https://vine.co/v/iMqBebnOvav
686286779679375361,When bae calls your name from across the room. 12/10 (vid by @christinemcc98) https://t.co/xolcXA6gxe,https://vine.co/v/iMZx6aDbExn
686035780142297088,"Yes I do realize a rating of 4/20 would've been fitting. However, it would be unjust to give these cooperative pups that low of a rating",
685681090388975616,Jack deserves another round of applause. If you missed this earlier today I strongly suggest reading it. Wonderful first 14/10 üê∂‚ù§Ô∏è,
684969860808454144,"For those who claim this is a goat, u are wrong. It is not the Greatest Of All Time. The rating of 5/10 should have made that clear. Thank u",
684830982659280897,This little fella really hates stairs. Prefers bush. 13/10 legendary pupper https://t.co/e3LPMAHj7p,https://vine.co/v/eEZXZI1rqxX
684588130326986752,This pupper just got his first kiss. 12/10 he's so happy https://t.co/2sHwD7HztL,https://vine.co/v/ihWIxntjtO7
684147889187209216,This is Sweets the English Bulldog. Waves back to other bikers. 12/10 just a fantastic friendly pupper https://t.co/WYiFzuX7D4,https://vine.co/v/ib2nTOEuuOI
683515932363329536,HEY PUP WHAT'S THE PART OF THE HUMAN BODY THAT CONNECTS THE FOOT AND THE LEG? 11/10 so smart https://t.co/XQ1tRUmO3z,https://vine.co/v/ibvnzrauFuV
682808988178739200,"I'm aware that I could've said 20/16, but here at WeRateDogs we are very professional. An inconsistent rating scale is simply irresponsible",
682088079302213632,I'm not sure what this dog is doing but it's pretty inspirational. 12/10 https://t.co/4Kn9GEHXiE,https://vine.co/v/iqMjlxULzbn
681340665377193984,I've been told there's a slight possibility he's checking his mirror. We'll bump to 9.5/10. Still a menace,
680805554198020098,This guy's dog broke. So sad. 9/10 would still pet https://t.co/BYiXJDEzv7,https://vine.co/v/iAP0Ugzi2PO
679872969355714560,This is Rocco. He's in a very intense game of freeze tag. Currently waiting to be unfrozen 10/10 https://t.co/xZXUKVXJ7l,https://vine.co/v/iAAxTbj1UAM
679405845277462528,Crazy unseen footage from Jurassic Park. 10/10 for both dinosaur puppers https://t.co/L8wt2IpwxO,https://vine.co/v/iKVFEigMLxP
679001094530465792,This is Rascal. He's paddling an imaginary canoe. 11/10 https://t.co/Ajquq6oGSg,https://vine.co/v/iKIwAzEatd6
678708137298427904,Here we are witnessing a wild field pupper. Lost his wallet in there. Rather unfortunate. 10/10 good luck pup https://t.co/sZy9Co74Bw,https://vine.co/v/eQjxxYaQ60K
678023323247357953,After getting lost in Reese's eyes for several minutes we're going to upgrade him to a 13/10,
677961670166224897,This is Izzy. She's showing off the dance moves she's been working on. 11/10 I guess hard work pays off https://t.co/4JS92YAxTi,https://vine.co/v/iKuMDuYV0aZ
677335745548390400,Downright inspiring 12/10 https://t.co/vSLtYBWHcQ,https://vine.co/v/hbLbH77Ar67
676916996760600576,Super speedy pupper. Does not go gentle into that goodnight. 10/10 https://t.co/uPXBXS1XNb,https://vine.co/v/imJ0BdZOJTw
676593408224403456,This pupper loves leaves. 11/10 for committed leaf lover https://t.co/APvLqbEhkF,https://vine.co/v/eEQQaPFbgOY
676590572941893632,After some outrage from the crowd. Bubbles is being upgraded to a 7/10. That's as high as I'm going. Thank you,
676121918416756736,Here we are witnessing a very excited dog. Clearly has no control over neck movements. 8/10 would still pet https://t.co/ICNIjSkrXs,https://vine.co/v/iZXg7VpeDAv
675849018447167488,This dog is being demoted to a 9/10 for not wearing a helmet while riding. Gotta stay safe out there. Thank you,
674742531037511680,Some clarification is required. The dog is singing Cher and that is more than worthy of an 11/10. Thank you,
674606911342424069,The 13/10 also takes into account this impeccable yard. Louis is great but the future dad in me can't ignore that luscious green grass,
674330906434379776,"13/10
@ABC7",
674307341513269249,This is life-changing. 12/10 https://t.co/SroTpI6psB,https://vine.co/v/i7nWzrenw5h
673716320723169284,The millennials have spoken and we've decided to immediately demote to a 1/10. Thank you,
671550332464455680,After 22 minutes of careful deliberation this dog is being demoted to a 1/10. The longer you look at him the more terrifying he becomes,
669684865554620416,After countless hours of research and hundreds of formula alterations we have concluded that Dug should be bumped to an 11/10,
668967877119254528,"12/10 good shit Bubka
@wane15",
668587383441514497,Never forget this vine. You will not stop watching for at least 15 minutes. This is the second coveted.. 13/10 https://t.co/roqIxCvEB3,https://vine.co/v/ea0OwvPTx9l
667070482143944705,After much debate this dog is being upgraded to 10/10. I repeat 10/10,
